{
	"navigationBarTitleText": "聊天",
	"onReachBottomDistance": 10,
	"enablePullDownRefresh": true,
	"enableTabBar": false,
	"usingComponents": {
		"t-icon": "tdesign-miniprogram/icon/icon",
		"t-textarea": "tdesign-miniprogram/textarea/textarea",
		"t-button": "tdesign-miniprogram/button/button",
		"t-search": "tdesign-miniprogram/search/search",
		"t-loading": "tdesign-miniprogram/loading/loading",
		"t-swiper": "tdesign-miniprogram/swiper/swiper",
		"t-swiper-nav": "tdesign-miniprogram/swiper-nav/swiper-nav",
		"t-image": "/components/webp-image/index",
		"t-toast": "tdesign-miniprogram/toast/toast",
		"t-tabs": "tdesign-miniprogram/tabs/tabs",
		"t-tab-panel": "tdesign-miniprogram/tab-panel/tab-panel"
	}
}